-- phpMyAdmin SQL Dump
-- version 4.8.4
-- https://www.phpmyadmin.net/
--
-- Host: 127.0.0.1
-- Generation Time: Jun 01, 2021 at 07:30 PM
-- Server version: 10.1.37-MariaDB
-- PHP Version: 7.3.0

SET SQL_MODE = "NO_AUTO_VALUE_ON_ZERO";
SET AUTOCOMMIT = 0;
START TRANSACTION;
SET time_zone = "+00:00";


/*!40101 SET @OLD_CHARACTER_SET_CLIENT=@@CHARACTER_SET_CLIENT */;
/*!40101 SET @OLD_CHARACTER_SET_RESULTS=@@CHARACTER_SET_RESULTS */;
/*!40101 SET @OLD_COLLATION_CONNECTION=@@COLLATION_CONNECTION */;
/*!40101 SET NAMES utf8mb4 */;

--
-- Database: `betadb`
--

-- --------------------------------------------------------

--
-- Table structure for table `food`
--

CREATE TABLE `food` (
  `food_id` int(11) NOT NULL,
  `food_bonus` text,
  `food_bonus_sep` varchar(20) DEFAULT NULL,
  `food_card_date` date DEFAULT NULL,
  `food_card_datetime` datetime DEFAULT NULL,
  `food_card_time` varchar(20) DEFAULT NULL,
  `food_gang_id` varchar(20) DEFAULT NULL,
  `food_gang_number` int(11) DEFAULT NULL,
  `food_gang_title` varchar(20) DEFAULT NULL,
  `food_price` float DEFAULT NULL,
  `food_totquantity` int(11) DEFAULT NULL,
  `food_available_quantity` int(11) DEFAULT NULL,
  `food_process` float DEFAULT NULL,
  `food_station` varchar(100) DEFAULT NULL,
  `food_table` varchar(20) DEFAULT NULL,
  `food_type` varchar(100) DEFAULT NULL,
  `food_type_id_int` int(11) DEFAULT NULL,
  `food_type_id_str` varchar(45) DEFAULT NULL,
  `food_type_only` varchar(45) DEFAULT NULL,
  `food_waitress` varchar(45) DEFAULT NULL,
  `food_opt_id` int(11) NOT NULL,
  `food_production` int(11) NOT NULL DEFAULT '0',
  `user_id` int(11) NOT NULL
) ENGINE=InnoDB DEFAULT CHARSET=utf8;

--
-- Dumping data for table `food`
--

INSERT INTO `food` (`food_id`, `food_bonus`, `food_bonus_sep`, `food_card_date`, `food_card_datetime`, `food_card_time`, `food_gang_id`, `food_gang_number`, `food_gang_title`, `food_price`, `food_totquantity`, `food_available_quantity`, `food_process`, `food_station`, `food_table`, `food_type`, `food_type_id_int`, `food_type_id_str`, `food_type_only`, `food_waitress`, `food_opt_id`, `food_production`, `user_id`) VALUES
(31, '+ auf Knoblauchfritten', '+', '2020-03-08', '2020-03-08 15:40:00', '15:40:00', '', 0, '', 0, 0, 0, 1, '', '100.0', '1x Pink Persia Poutine', 0, '53077849', 'Pink Persia Poutine', 'Hypersoft Technik', 0, 0, 1),
(32, '+ auf Knoblauchfritten', '+', '2020-03-09', '2020-03-09 11:39:00', '11:39:00', '', 0, '', 0, 1, 1, 3, '', '100.0', '1x Tijuana Street Fries', 1, '70528930', 'Tijuana Street Fries', 'Hypersoft Technik', 0, 0, 1),
(33, '', '#', '2021-03-26', '2021-03-26 14:01:00', '14:01:00', '', 0, '', 0, 2, 2, 1, '', '', '2x Afri Cola', 2, '55223796', 'Afri Cola', 'Burgermeister', 0, 0, 1),
(34, '', '#', '2021-04-01', '2021-04-01 09:03:00', '09:03:00', '', 0, '', 0, 1, 1, 1, '', '8.0', '1x Bluna Orange', 3, '68541850', 'Bluna Orange', 'Burgermeister', 0, 0, 1),
(35, '', '#', '2021-04-01', '2021-04-01 09:03:00', '09:03:00', '', 0, '', 0, 1, 1, 1, '', '8.0', '1x Bluna Zitrone', 3, '54815086', 'Bluna Zitrone', 'Burgermeister', 1, 0, 1),
(36, '# Standard 8.50/ 1\n# French Dressing', '#', '2021-04-06', '2021-04-06 08:46:00', '08:46:00', '', 0, '', 8.5, 1, 1, 0, 'KALTE KÜCHE', '1.0', '1x Salat California', 4, '26087666', 'Salat California', 'Hypersoft', 0, 0, 1),
(37, '# Standard Pers. 12.00/ 9', '#', '2021-04-06', '2021-04-06 08:51:00', '08:51:00', '2._gang', 2, '2. Gang', 12, 1, 1, 0, 'KALTE KÜCHE', '88.0', '1x Hirschplttli Pers.', 5, '73077395', 'Hirschplttli Pers.', 'Hypersoft', 0, 0, 1),
(38, '# Standard 8.00/ 9', '#', '2021-04-06', '2021-04-06 08:51:00', '08:51:00', '2._gang', 2, '2. Gang', 8, 1, 1, 0, 'KALTE KÜCHE', '88.0', '1x Roastbeef', 5, '36291377', 'Roastbeef', 'Hypersoft', 1, 0, 1),
(39, '# Standard 8.50/ 8\n# American Dressing', '#', '2021-04-06', '2021-04-06 08:51:00', '08:51:00', '2._gang', 2, '2. Gang', 8.5, 1, 1, 0, 'KALTE KÜCHE', '88.0', '1x Salat California', 5, '68355103', 'Salat California', 'Hypersoft', 2, 0, 1),
(40, '# Standard 0.00/ 0', '#', '2021-04-06', '2021-04-06 08:51:00', '08:51:00', '', 0, '', 0, 1, 1, 0, 'WARM / GRILL', '88.0', '1x Filet Steak', 6, '41449138', 'Filet Steak', 'Hypersoft', 0, 0, 1),
(41, '# Standard 50.20/ 0\n# 180 g 37,90\n# Rare/Blutig 40øC', '#', '2021-04-06', '2021-04-06 08:51:00', '08:51:00', '', 0, '', 50.2, 1, 1, 0, 'WARM / GRILL', '88.0', '1x Filet Steak', 6, '34781024', 'Filet Steak', 'Hypersoft', 1, 0, 1),
(42, '# BBQ Sauce +2,50. Gang 2,50,50', '#', '2021-04-06', '2021-04-06 08:51:00', '08:51:00', '', 0, '', 0, 2, 2, 0, 'WARM / GRILL', '88.0', '2x Pommes', 6, '42904070', 'Pommes', 'Hypersoft', 2, 0, 1),
(43, '# Standard 70.20/ 0\n# 300 g 57,90\n# Medium Well 60øC\n# gem. Salat +4,90\n# Wok-Gemüse +4,90\n# BBQ Sauce +2,50', '#', '2021-04-06', '2021-04-06 08:51:00', '08:51:00', '', 0, '', 70.2, 1, 1, 0, 'WARM / GRILL', '88.0', '1x Filet Steak', 6, '79040273', 'Filet Steak', 'Hypersoft', 3, 0, 1),
(44, '# Standard 8.50/ 3', '#', '2021-04-15', '2021-04-15 15:51:00', '15:51:00', '1._gang', 1, '1. Gang', 8.5, 1, 1, 0, 'KALTE KÜCHE', '12.0', '1x Club Sandwich', 7, '20063304', 'Club Sandwich', 'Hypersoft', 0, 0, 1),
(45, '# Standard 8.50/ 1\n# American Dressing', '#', '2021-04-15', '2021-04-15 15:51:00', '15:51:00', '1._gang', 1, '1. Gang', 8.5, 1, 1, 0, 'KALTE KÜCHE', '12.0', '1x Salat California', 7, '84403171', 'Salat California', 'Hypersoft', 1, 0, 1),
(46, '# Standard 6.50', '#', '2021-04-15', '2021-04-15 15:51:00', '15:51:00', '1._gang', 1, '1. Gang', 6.5, 1, 1, 0, 'Kitchendisplay 2919.', '12.0', '1x Lachssalat', 8, '65414431', 'Lachssalat', 'Hypersoft', 0, 0, 1),
(47, '# Standard hnchen 12.00/ 3', '#', '2021-04-15', '2021-04-15 15:55:00', '15:55:00', '3._gang', 3, '3. Gang', 12, 1, 1, 0, 'KALTE KÜCHE', '12.0', '1x Rotes Curry mit Hhnchen', 9, '6010748', 'Rotes Curry mit Hhnchen', 'Hypersoft', 0, 0, 1),
(48, '# Standard te 8.00/ 3', '#', '2021-04-15', '2021-04-15 15:55:00', '15:55:00', '4._gang', 4, '4. Gang', 8, 1, 1, 0, 'KALTE KÜCHE', '12.0', '1x Mousse au Chocolate', 9, '9376617', 'Mousse au Chocolate', 'Hypersoft', 1, 0, 1),
(49, '# Standard 8.00/ 2', '#', '2021-04-15', '2021-04-15 15:55:00', '15:55:00', '4._gang', 4, '4. Gang', 8, 1, 1, 0, 'KALTE KÜCHE', '12.0', '1x Tiramisu', 9, '29134846', 'Tiramisu', 'Hypersoft', 2, 0, 1),
(50, '# Standard Crudo 13.50', '#', '2021-04-15', '2021-04-15 15:55:00', '15:55:00', '2._gang', 2, '2. Gang', 13.5, 1, 1, 0, 'Kitchendisplay 2935.', '12.0', '1x Pizza Prosciutto Crudo', 10, '94875550', 'Pizza Prosciutto Crudo', 'Hypersoft', 0, 0, 1),
(51, '# Standard 50.20/ 1\n# 180 g 37,90\n# Medium 55øC\n# Bratkartoffeln +4,90\n# Kartoffelgratin +4,90\n# Pepper Jus +2,50', '#', '2021-04-15', '2021-04-15 15:55:00', '15:55:00', '3._gang', 3, '3. Gang', 50.2, 1, 1, 0, 'WARM / GRILL', '12.0', '1x Filet Steak', 11, '80926198', 'Filet Steak', 'Hypersoft', 0, 0, 1),
(52, '# Standard 68.20/ 2\n# 300 g 57,90\n# Medium Well 60øC\n# Knoblauchbrot +2,90\n# Maiskolben +4,90\n# Sauce Bearnaise +2,50', '#', '2021-04-15', '2021-04-15 15:55:00', '15:55:00', '3._gang', 3, '3. Gang', 68.2, 1, 1, 0, 'WARM / GRILL', '12.0', '1x Filet Steak', 11, '5067493', 'Filet Steak', 'Hypersoft', 1, 0, 1),
(53, '# Standard 12.00', '#', '2021-04-15', '2021-04-15 15:55:00', '15:55:00', '4._gang', 4, '4. Gang', 12, 1, 1, 0, 'DESSERT', '12.0', '1x Albisbecher', 12, '76411865', 'Albisbecher', 'Hypersoft', 0, 0, 1),
(54, '# Standard 17.50', '#', '2021-04-15', '2021-04-15 15:55:00', '15:55:00', '2._gang', 2, '2. Gang', 17.5, 1, 1, 5, 'PIZZA&PASTA', '12.0', '1x Pizza Burrata', 13, '25189284', 'Pizza Burrata', 'Restaurant Hypersoft', 0, 0, 1),
(55, '# Standard 15.50', '#', '2021-04-15', '2021-04-15 15:56:00', '15:56:00', '2._gang', 2, '2. Gang', 15.5, 1, 1, 5, 'PIZZA&PASTA', '12.0', '1x Pizza Arrapato', 14, '12532713', 'Pizza Arrapato', 'Restaurant Hypersoft', 0, 0, 1),
(56, '# Standard 6.50/ 1', '#', '2021-04-21', '2021-04-21 10:14:00', '10:14:00', '1._gang', 1, '1. Gang', 6.5, 1, 1, 0, 'KALTE KÜCHE', '2.0', '1x Ribollita', 15, '37775115', 'Ribollita', 'Hypersoft', 0, 0, 1),
(57, '# Standard 6.50/ 2', '#', '2021-04-21', '2021-04-21 10:14:00', '10:14:00', '1._gang', 1, '1. Gang', 6.5, 1, 1, 0, 'KALTE KÜCHE', '2.0', '1x Tomatencremesuppe', 15, '19068903', 'Tomatencremesuppe', 'Hypersoft', 1, 0, 1),
(58, '# Standard 8.50/ 2', '#', '2021-04-21', '2021-04-21 10:14:00', '10:14:00', '2._gang', 2, '2. Gang', 8.5, 1, 1, 0, 'KALTE KÜCHE', '2.0', '1x Chili con Carne', 15, '68474003', 'Chili con Carne', 'Hypersoft', 2, 0, 1),
(59, '# Standard 17.50/ 1', '#', '2021-04-21', '2021-04-21 10:14:00', '10:14:00', '2._gang', 2, '2. Gang', 17.5, 1, 1, 5, 'PIZZA&PASTA', '2.0', '1x Pizza Burrata', 16, '42979233', 'Pizza Burrata', 'Restaurant Hypersoft', 0, 0, 1),
(408, '+ auf Knoblauchfritten', '+', '2020-03-08', '2020-03-08 15:40:00', '15:40:00', '', 0, '', 0, 0, 0, 1, '', '100.0', '1x Pink Persia Poutine', 0, '53077849', 'Pink Persia Poutine', 'Hypersoft Technik', 0, 0, 4),
(409, '+ auf Knoblauchfritten', '+', '2020-03-09', '2020-03-09 11:39:00', '11:39:00', '', 0, '', 0, 0, 0, 3, '', '100.0', '1x Tijuana Street Fries', 1, '70528930', 'Tijuana Street Fries', 'Hypersoft Technik', 0, 0, 4),
(410, '', '#', '2021-03-26', '2021-03-26 14:01:00', '14:01:00', '', 0, '', 0, 0, 0, 1, '', '', '2x Afri Cola', 2, '55223796', 'Afri Cola', 'Burgermeister', 0, 0, 4),
(411, '', '#', '2021-04-01', '2021-04-01 09:03:00', '09:03:00', '', 0, '', 0, 0, 0, 1, '', '8.0', '1x Bluna Orange', 3, '68541850', 'Bluna Orange', 'Burgermeister', 0, 0, 4),
(412, '', '#', '2021-04-01', '2021-04-01 09:03:00', '09:03:00', '', 0, '', 0, 0, 0, 1, '', '8.0', '1x Bluna Zitrone', 3, '54815086', 'Bluna Zitrone', 'Burgermeister', 1, 0, 4),
(413, '# Standard 8.50/ 1\n# French Dressing', '#', '2021-04-06', '2021-04-06 08:46:00', '08:46:00', '', 0, '', 8.5, 0, 0, 0, 'KALTE KÜCHE', '1.0', '1x Salat California', 4, '26087666', 'Salat California', 'Hypersoft', 0, 0, 4),
(414, '# Standard Pers. 12.00/ 9', '#', '2021-04-06', '2021-04-06 08:51:00', '08:51:00', '2._gang', 2, '2. Gang', 12, 0, 0, 0, 'KALTE KÜCHE', '88.0', '1x Hirschplttli Pers.', 5, '73077395', 'Hirschplttli Pers.', 'Hypersoft', 0, 0, 4),
(415, '# Standard 8.00/ 9', '#', '2021-04-06', '2021-04-06 08:51:00', '08:51:00', '2._gang', 2, '2. Gang', 8, 0, 0, 0, 'KALTE KÜCHE', '88.0', '1x Roastbeef', 5, '36291377', 'Roastbeef', 'Hypersoft', 1, 0, 4),
(416, '# Standard 8.50/ 8\n# American Dressing', '#', '2021-04-06', '2021-04-06 08:51:00', '08:51:00', '2._gang', 2, '2. Gang', 8.5, 0, 0, 0, 'KALTE KÜCHE', '88.0', '1x Salat California', 5, '68355103', 'Salat California', 'Hypersoft', 2, 0, 4),
(417, '# Standard 0.00/ 0', '#', '2021-04-06', '2021-04-06 08:51:00', '08:51:00', '', 0, '', 0, 0, 0, 0, 'WARM / GRILL', '88.0', '1x Filet Steak', 6, '41449138', 'Filet Steak', 'Hypersoft', 0, 0, 4),
(418, '# Standard 50.20/ 0\n# 180 g 37,90\n# Rare/Blutig 40øC', '#', '2021-04-06', '2021-04-06 08:51:00', '08:51:00', '', 0, '', 50.2, 0, 0, 0, 'WARM / GRILL', '88.0', '1x Filet Steak', 6, '34781024', 'Filet Steak', 'Hypersoft', 1, 0, 4),
(419, '# BBQ Sauce +2,50. Gang 2,50,50', '#', '2021-04-06', '2021-04-06 08:51:00', '08:51:00', '', 0, '', 0, 0, 0, 0, 'WARM / GRILL', '88.0', '2x Pommes', 6, '42904070', 'Pommes', 'Hypersoft', 2, 0, 4),
(420, '# Standard 70.20/ 0\n# 300 g 57,90\n# Medium Well 60øC\n# gem. Salat +4,90\n# Wok-Gemüse +4,90\n# BBQ Sauce +2,50', '#', '2021-04-06', '2021-04-06 08:51:00', '08:51:00', '', 0, '', 70.2, 0, 0, 0, 'WARM / GRILL', '88.0', '1x Filet Steak', 6, '79040273', 'Filet Steak', 'Hypersoft', 3, 0, 4),
(421, '# Standard 8.50/ 3', '#', '2021-04-15', '2021-04-15 15:51:00', '15:51:00', '1._gang', 1, '1. Gang', 8.5, 0, 0, 0, 'KALTE KÜCHE', '12.0', '1x Club Sandwich', 7, '20063304', 'Club Sandwich', 'Hypersoft', 0, 0, 4),
(422, '# Standard 8.50/ 1\n# American Dressing', '#', '2021-04-15', '2021-04-15 15:51:00', '15:51:00', '1._gang', 1, '1. Gang', 8.5, 0, 0, 0, 'KALTE KÜCHE', '12.0', '1x Salat California', 7, '84403171', 'Salat California', 'Hypersoft', 1, 0, 4),
(423, '# Standard 6.50', '#', '2021-04-15', '2021-04-15 15:51:00', '15:51:00', '1._gang', 1, '1. Gang', 6.5, 0, 0, 0, 'Kitchendisplay 2919.', '12.0', '1x Lachssalat', 8, '65414431', 'Lachssalat', 'Hypersoft', 0, 0, 4),
(424, '# Standard hnchen 12.00/ 3', '#', '2021-04-15', '2021-04-15 15:55:00', '15:55:00', '3._gang', 3, '3. Gang', 12, 0, 0, 0, 'KALTE KÜCHE', '12.0', '1x Rotes Curry mit Hhnchen', 9, '6010748', 'Rotes Curry mit Hhnchen', 'Hypersoft', 0, 0, 4),
(425, '# Standard te 8.00/ 3', '#', '2021-04-15', '2021-04-15 15:55:00', '15:55:00', '4._gang', 4, '4. Gang', 8, 0, 0, 0, 'KALTE KÜCHE', '12.0', '1x Mousse au Chocolate', 9, '9376617', 'Mousse au Chocolate', 'Hypersoft', 1, 0, 4),
(426, '# Standard 8.00/ 2', '#', '2021-04-15', '2021-04-15 15:55:00', '15:55:00', '4._gang', 4, '4. Gang', 8, 0, 0, 0, 'KALTE KÜCHE', '12.0', '1x Tiramisu', 9, '29134846', 'Tiramisu', 'Hypersoft', 2, 0, 4),
(427, '# Standard Crudo 13.50', '#', '2021-04-15', '2021-04-15 15:55:00', '15:55:00', '2._gang', 2, '2. Gang', 13.5, 0, 0, 0, 'Kitchendisplay 2935.', '12.0', '1x Pizza Prosciutto Crudo', 10, '94875550', 'Pizza Prosciutto Crudo', 'Hypersoft', 0, 0, 4),
(428, '# Standard 50.20/ 1\n# 180 g 37,90\n# Medium 55øC\n# Bratkartoffeln +4,90\n# Kartoffelgratin +4,90\n# Pepper Jus +2,50', '#', '2021-04-15', '2021-04-15 15:55:00', '15:55:00', '3._gang', 3, '3. Gang', 50.2, 0, 0, 0, 'WARM / GRILL', '12.0', '1x Filet Steak', 11, '80926198', 'Filet Steak', 'Hypersoft', 0, 0, 4),
(429, '# Standard 68.20/ 2\n# 300 g 57,90\n# Medium Well 60øC\n# Knoblauchbrot +2,90\n# Maiskolben +4,90\n# Sauce Bearnaise +2,50', '#', '2021-04-15', '2021-04-15 15:55:00', '15:55:00', '3._gang', 3, '3. Gang', 68.2, 0, 0, 0, 'WARM / GRILL', '12.0', '1x Filet Steak', 11, '5067493', 'Filet Steak', 'Hypersoft', 1, 0, 4),
(430, '# Standard 12.00', '#', '2021-04-15', '2021-04-15 15:55:00', '15:55:00', '4._gang', 4, '4. Gang', 12, 0, 0, 0, 'DESSERT', '12.0', '1x Albisbecher', 12, '76411865', 'Albisbecher', 'Hypersoft', 0, 0, 4),
(431, '# Standard 17.50', '#', '2021-04-15', '2021-04-15 15:55:00', '15:55:00', '2._gang', 2, '2. Gang', 17.5, 0, 0, 5, 'PIZZA&PASTA', '12.0', '1x Pizza Burrata', 13, '25189284', 'Pizza Burrata', 'Restaurant Hypersoft', 0, 0, 4),
(432, '# Standard 15.50', '#', '2021-04-15', '2021-04-15 15:56:00', '15:56:00', '2._gang', 2, '2. Gang', 15.5, 0, 0, 5, 'PIZZA&PASTA', '12.0', '1x Pizza Arrapato', 14, '12532713', 'Pizza Arrapato', 'Restaurant Hypersoft', 0, 0, 4),
(433, '# Standard 6.50/ 1', '#', '2021-04-21', '2021-04-21 10:14:00', '10:14:00', '1._gang', 1, '1. Gang', 6.5, 0, 0, 0, 'KALTE KÜCHE', '2.0', '1x Ribollita', 15, '37775115', 'Ribollita', 'Hypersoft', 0, 0, 4),
(434, '# Standard 6.50/ 2', '#', '2021-04-21', '2021-04-21 10:14:00', '10:14:00', '1._gang', 1, '1. Gang', 6.5, 0, 0, 0, 'KALTE KÜCHE', '2.0', '1x Tomatencremesuppe', 15, '19068903', 'Tomatencremesuppe', 'Hypersoft', 1, 0, 4),
(435, '# Standard 8.50/ 2', '#', '2021-04-21', '2021-04-21 10:14:00', '10:14:00', '2._gang', 2, '2. Gang', 8.5, 0, 0, 0, 'KALTE KÜCHE', '2.0', '1x Chili con Carne', 15, '68474003', 'Chili con Carne', 'Hypersoft', 2, 0, 4),
(436, '# Standard 17.50/ 1', '#', '2021-04-21', '2021-04-21 10:14:00', '10:14:00', '2._gang', 2, '2. Gang', 17.5, 0, 0, 5, 'PIZZA&PASTA', '2.0', '1x Pizza Burrata', 16, '42979233', 'Pizza Burrata', 'Restaurant Hypersoft', 0, 0, 4);

-- --------------------------------------------------------

--
-- Table structure for table `historical_sales`
--

CREATE TABLE `historical_sales` (
  `sales_id` int(11) NOT NULL,
  `food_food_id` int(11) NOT NULL,
  `food_user_id` int(11) NOT NULL,
  `sales_created` datetime DEFAULT CURRENT_TIMESTAMP,
  `sales_updated` datetime DEFAULT CURRENT_TIMESTAMP ON UPDATE CURRENT_TIMESTAMP,
  `sales_price` float DEFAULT NULL,
  `sales_quantity` int(11) DEFAULT NULL
) ENGINE=InnoDB DEFAULT CHARSET=utf8;

--
-- Dumping data for table `historical_sales`
--

INSERT INTO `historical_sales` (`sales_id`, `food_food_id`, `food_user_id`, `sales_created`, `sales_updated`, `sales_price`, `sales_quantity`) VALUES
(38, 31, 1, '2021-05-24 15:10:07', '2021-05-24 15:10:07', 0, 1),
(39, 47, 1, '2021-05-24 15:23:57', '2021-05-24 15:23:57', 12, 1),
(40, 48, 1, '2021-05-24 15:23:57', '2021-05-24 15:23:57', 8, 1),
(41, 49, 1, '2021-05-24 15:23:57', '2021-05-24 15:23:57', 8, 1),
(42, 34, 1, '2021-05-24 17:28:23', '2021-05-24 17:28:23', 0, 1),
(43, 35, 1, '2021-05-24 17:28:23', '2021-05-24 17:28:23', 0, 1),
(44, 33, 1, '2021-05-24 17:28:29', '2021-05-24 17:28:29', 0, 2),
(45, 32, 1, '2021-05-24 17:28:35', '2021-05-24 17:28:35', 0, 1),
(46, 33, 1, '2021-05-24 17:32:38', '2021-05-24 17:32:38', 0, 1),
(47, 32, 1, '2021-05-24 17:54:42', '2021-05-24 17:54:42', 0, 1),
(48, 53, 1, '2021-05-24 18:07:45', '2021-05-24 18:07:45', 12, 1),
(49, 55, 1, '2021-05-24 19:44:58', '2021-05-24 19:44:58', 15.5, 1),
(50, 56, 1, '2021-05-24 19:44:58', '2021-05-24 19:44:58', 6.5, 1),
(51, 57, 1, '2021-05-24 19:44:58', '2021-05-24 19:44:58', 6.5, 1),
(52, 58, 1, '2021-05-24 19:44:58', '2021-05-24 19:44:58', 8.5, 1),
(53, 59, 1, '2021-05-24 19:44:59', '2021-05-24 19:44:59', 17.5, 1),
(54, 34, 1, '2021-05-24 19:45:10', '2021-05-24 19:45:10', 0, 1),
(55, 35, 1, '2021-05-24 19:45:10', '2021-05-24 19:45:10', 0, 1),
(56, 31, 1, '2021-05-24 19:45:12', '2021-05-24 19:45:12', 0, 1),
(57, 36, 1, '2021-05-24 19:45:14', '2021-05-24 19:45:14', 8.5, 1),
(58, 37, 1, '2021-05-24 19:45:17', '2021-05-24 19:45:17', 12, 1),
(59, 38, 1, '2021-05-24 19:45:17', '2021-05-24 19:45:17', 8, 1),
(60, 39, 1, '2021-05-24 19:45:17', '2021-05-24 19:45:17', 8.5, 1),
(61, 40, 1, '2021-05-24 19:45:26', '2021-05-24 19:45:26', 0, 1),
(62, 41, 1, '2021-05-24 19:45:26', '2021-05-24 19:45:26', 50.2, 1),
(63, 42, 1, '2021-05-24 19:45:26', '2021-05-24 19:45:26', 0, 2),
(64, 43, 1, '2021-05-24 19:45:26', '2021-05-24 19:45:26', 70.2, 1),
(65, 44, 1, '2021-05-24 19:45:30', '2021-05-24 19:45:30', 8.5, 1),
(66, 45, 1, '2021-05-24 19:45:30', '2021-05-24 19:45:30', 8.5, 1),
(67, 46, 1, '2021-05-24 19:45:35', '2021-05-24 19:45:35', 6.5, 1),
(68, 50, 1, '2021-05-24 19:45:38', '2021-05-24 19:45:38', 13.5, 1),
(69, 51, 1, '2021-05-24 19:45:42', '2021-05-24 19:45:42', 50.2, 1),
(70, 52, 1, '2021-05-24 19:45:42', '2021-05-24 19:45:42', 68.2, 1),
(71, 54, 1, '2021-05-24 19:45:47', '2021-05-24 19:45:47', 17.5, 1),
(72, 31, 1, '2021-05-24 20:13:57', '2021-05-24 20:13:57', 0, 1),
(73, 32, 1, '2021-05-24 20:13:59', '2021-05-24 20:13:59', 0, 1),
(74, 33, 1, '2021-05-24 20:14:01', '2021-05-24 20:14:01', 0, 2),
(75, 34, 1, '2021-05-24 20:14:03', '2021-05-24 20:14:03', 0, 1),
(76, 35, 1, '2021-05-24 20:14:03', '2021-05-24 20:14:03', 0, 1),
(77, 36, 1, '2021-05-24 20:14:06', '2021-05-24 20:14:06', 8.5, 1),
(78, 37, 1, '2021-05-24 20:14:19', '2021-05-24 20:14:19', 12, 1),
(79, 38, 1, '2021-05-24 20:14:19', '2021-05-24 20:14:19', 8, 1),
(80, 39, 1, '2021-05-24 20:14:19', '2021-05-24 20:14:19', 8.5, 1),
(81, 40, 1, '2021-05-24 20:14:25', '2021-05-24 20:14:25', 0, 1),
(82, 41, 1, '2021-05-24 20:14:25', '2021-05-24 20:14:25', 50.2, 1),
(83, 42, 1, '2021-05-24 20:14:25', '2021-05-24 20:14:25', 0, 2),
(84, 43, 1, '2021-05-24 20:14:25', '2021-05-24 20:14:25', 70.2, 1),
(85, 44, 1, '2021-05-24 20:14:28', '2021-05-24 20:14:28', 8.5, 1),
(86, 45, 1, '2021-05-24 20:14:28', '2021-05-24 20:14:28', 8.5, 1),
(87, 46, 1, '2021-05-24 20:14:33', '2021-05-24 20:14:33', 6.5, 1),
(88, 47, 1, '2021-05-24 20:14:44', '2021-05-24 20:14:44', 12, 1),
(89, 48, 1, '2021-05-24 20:14:44', '2021-05-24 20:14:44', 8, 1),
(90, 49, 1, '2021-05-24 20:14:44', '2021-05-24 20:14:44', 8, 1),
(91, 50, 1, '2021-05-24 20:50:34', '2021-05-24 20:50:34', 13.5, 1),
(92, 51, 1, '2021-05-24 20:50:39', '2021-05-24 20:50:39', 50.2, 1),
(93, 52, 1, '2021-05-24 20:50:39', '2021-05-24 20:50:39', 68.2, 1),
(94, 53, 1, '2021-05-24 20:50:47', '2021-05-24 20:50:47', 12, 1),
(95, 54, 1, '2021-05-24 20:50:55', '2021-05-24 20:50:55', 17.5, 1),
(96, 55, 1, '2021-05-24 20:51:08', '2021-05-24 20:51:08', 15.5, 1),
(97, 56, 1, '2021-05-24 20:51:17', '2021-05-24 20:51:17', 6.5, 1),
(98, 57, 1, '2021-05-24 20:51:17', '2021-05-24 20:51:17', 6.5, 1),
(99, 58, 1, '2021-05-24 20:51:17', '2021-05-24 20:51:17', 8.5, 1),
(100, 59, 1, '2021-05-24 20:51:23', '2021-05-24 20:51:23', 17.5, 1),
(101, 50, 1, '2021-05-24 20:59:16', '2021-05-24 20:59:16', 13.5, 1),
(102, 31, 1, '2021-05-25 03:24:02', '2021-05-25 03:24:02', 0, 1),
(103, 32, 1, '2021-05-25 03:24:35', '2021-05-25 03:24:35', 0, 1),
(104, 33, 1, '2021-05-25 19:16:39', '2021-05-25 19:16:39', 0, 2),
(105, 59, 1, '2021-05-25 19:17:39', '2021-05-25 19:17:39', 17.5, 1),
(106, 56, 1, '2021-05-25 19:17:39', '2021-05-25 19:17:39', 6.5, 1),
(107, 57, 1, '2021-05-25 19:17:39', '2021-05-25 19:17:39', 6.5, 1),
(108, 58, 1, '2021-05-25 19:17:39', '2021-05-25 19:17:39', 8.5, 1),
(109, 36, 1, '2021-05-25 19:17:43', '2021-05-25 19:17:43', 8.5, 1),
(110, 55, 1, '2021-05-25 19:17:53', '2021-05-25 19:17:53', 15.5, 1),
(111, 34, 1, '2021-05-25 19:18:21', '2021-05-25 19:18:21', 0, 1),
(112, 35, 1, '2021-05-25 19:18:21', '2021-05-25 19:18:21', 0, 1),
(113, 37, 1, '2021-05-25 19:18:24', '2021-05-25 19:18:24', 12, 1),
(114, 38, 1, '2021-05-25 19:18:24', '2021-05-25 19:18:24', 8, 1),
(115, 39, 1, '2021-05-25 19:18:24', '2021-05-25 19:18:24', 8.5, 1),
(116, 40, 1, '2021-05-25 19:18:28', '2021-05-25 19:18:28', 0, 1),
(117, 41, 1, '2021-05-25 19:18:28', '2021-05-25 19:18:28', 50.2, 1),
(118, 42, 1, '2021-05-25 19:18:28', '2021-05-25 19:18:28', 0, 2),
(119, 43, 1, '2021-05-25 19:18:28', '2021-05-25 19:18:28', 70.2, 1),
(120, 44, 1, '2021-05-25 19:18:30', '2021-05-25 19:18:30', 8.5, 1),
(121, 45, 1, '2021-05-25 19:18:30', '2021-05-25 19:18:30', 8.5, 1),
(122, 46, 1, '2021-05-25 19:18:37', '2021-05-25 19:18:37', 6.5, 1),
(123, 47, 1, '2021-05-25 19:18:40', '2021-05-25 19:18:40', 12, 1),
(124, 48, 1, '2021-05-25 19:18:40', '2021-05-25 19:18:40', 8, 1),
(125, 49, 1, '2021-05-25 19:18:40', '2021-05-25 19:18:40', 8, 1),
(126, 51, 1, '2021-05-25 19:18:43', '2021-05-25 19:18:43', 50.2, 1),
(127, 52, 1, '2021-05-25 19:18:43', '2021-05-25 19:18:43', 68.2, 1),
(128, 53, 1, '2021-05-25 19:18:53', '2021-05-25 19:18:53', 12, 1),
(129, 54, 1, '2021-05-25 19:18:54', '2021-05-25 19:18:54', 17.5, 1),
(130, 50, 1, '2021-05-25 19:44:13', '2021-05-25 19:44:13', 13.5, 1),
(131, 31, 1, '2021-05-25 19:46:31', '2021-05-25 19:46:31', 0, 1),
(132, 32, 1, '2021-05-25 19:46:48', '2021-05-25 19:46:48', 0, 1),
(133, 46, 1, '2021-05-25 19:47:17', '2021-05-25 19:47:17', 6.5, 1),
(134, 59, 1, '2021-05-25 19:50:06', '2021-05-25 19:50:06', 17.5, 1),
(135, 55, 1, '2021-05-25 19:50:06', '2021-05-25 19:50:06', 15.5, 1),
(136, 56, 1, '2021-05-25 19:50:07', '2021-05-25 19:50:07', 6.5, 1),
(137, 57, 1, '2021-05-25 19:50:07', '2021-05-25 19:50:07', 6.5, 1),
(138, 58, 1, '2021-05-25 19:50:07', '2021-05-25 19:50:07', 8.5, 1),
(139, 36, 1, '2021-05-25 19:50:26', '2021-05-25 19:50:26', 8.5, 1),
(140, 34, 1, '2021-05-25 19:50:26', '2021-05-25 19:50:26', 0, 1),
(141, 35, 1, '2021-05-25 19:50:26', '2021-05-25 19:50:26', 0, 1),
(142, 33, 1, '2021-05-25 19:50:27', '2021-05-25 19:50:27', 0, 2),
(143, 53, 1, '2021-05-25 19:50:57', '2021-05-25 19:50:57', 12, 1),
(144, 54, 1, '2021-05-25 19:50:57', '2021-05-25 19:50:57', 17.5, 1),
(145, 40, 1, '2021-05-25 19:50:59', '2021-05-25 19:50:59', 0, 1),
(146, 41, 1, '2021-05-25 19:50:59', '2021-05-25 19:50:59', 50.2, 1),
(147, 42, 1, '2021-05-25 19:50:59', '2021-05-25 19:50:59', 0, 2),
(148, 43, 1, '2021-05-25 19:50:59', '2021-05-25 19:50:59', 70.2, 1),
(149, 44, 1, '2021-05-25 19:50:59', '2021-05-25 19:50:59', 8.5, 1),
(150, 45, 1, '2021-05-25 19:50:59', '2021-05-25 19:50:59', 8.5, 1),
(151, 47, 1, '2021-05-25 19:51:00', '2021-05-25 19:51:00', 12, 1),
(152, 48, 1, '2021-05-25 19:51:00', '2021-05-25 19:51:00', 8, 1),
(153, 49, 1, '2021-05-25 19:51:00', '2021-05-25 19:51:00', 8, 1),
(154, 51, 1, '2021-05-25 19:51:01', '2021-05-25 19:51:01', 50.2, 1),
(155, 52, 1, '2021-05-25 19:51:01', '2021-05-25 19:51:01', 68.2, 1),
(156, 37, 1, '2021-05-25 19:51:02', '2021-05-25 19:51:02', 12, 1),
(157, 38, 1, '2021-05-25 19:51:02', '2021-05-25 19:51:02', 8, 1),
(158, 39, 1, '2021-05-25 19:51:02', '2021-05-25 19:51:02', 8.5, 1),
(159, 34, 1, '2021-05-25 19:53:34', '2021-05-25 19:53:34', 0, 1),
(160, 35, 1, '2021-05-25 19:53:34', '2021-05-25 19:53:34', 0, 1),
(161, 31, 1, '2021-05-26 07:58:37', '2021-05-26 07:58:37', 0, 1),
(162, 32, 1, '2021-05-26 08:01:26', '2021-05-26 08:01:26', 0, 1),
(163, 33, 1, '2021-05-26 08:01:26', '2021-05-26 08:01:26', 0, 2),
(164, 36, 1, '2021-05-26 08:01:27', '2021-05-26 08:01:27', 8.5, 1),
(165, 37, 1, '2021-05-26 08:01:28', '2021-05-26 08:01:28', 12, 1),
(166, 38, 1, '2021-05-26 08:01:28', '2021-05-26 08:01:28', 8, 1),
(167, 39, 1, '2021-05-26 08:01:28', '2021-05-26 08:01:28', 8.5, 1),
(168, 46, 1, '2021-05-26 08:01:28', '2021-05-26 08:01:28', 6.5, 1),
(169, 44, 1, '2021-05-26 08:01:29', '2021-05-26 08:01:29', 8.5, 1),
(170, 45, 1, '2021-05-26 08:01:29', '2021-05-26 08:01:29', 8.5, 1),
(171, 50, 1, '2021-05-26 08:01:32', '2021-05-26 08:01:32', 13.5, 1),
(172, 40, 1, '2021-05-26 08:01:33', '2021-05-26 08:01:33', 0, 1),
(173, 41, 1, '2021-05-26 08:01:33', '2021-05-26 08:01:33', 50.2, 1),
(174, 42, 1, '2021-05-26 08:01:33', '2021-05-26 08:01:33', 0, 2),
(175, 43, 1, '2021-05-26 08:01:33', '2021-05-26 08:01:33', 70.2, 1),
(176, 51, 1, '2021-05-26 08:01:34', '2021-05-26 08:01:34', 50.2, 1),
(177, 52, 1, '2021-05-26 08:01:34', '2021-05-26 08:01:34', 68.2, 1),
(178, 47, 1, '2021-05-26 08:01:36', '2021-05-26 08:01:36', 12, 1),
(179, 48, 1, '2021-05-26 08:01:36', '2021-05-26 08:01:36', 8, 1),
(180, 49, 1, '2021-05-26 08:01:36', '2021-05-26 08:01:36', 8, 1),
(181, 54, 1, '2021-05-26 08:01:39', '2021-05-26 08:01:39', 17.5, 1),
(182, 55, 1, '2021-05-26 08:01:40', '2021-05-26 08:01:40', 15.5, 1),
(183, 56, 1, '2021-05-26 08:01:40', '2021-05-26 08:01:40', 6.5, 1),
(184, 57, 1, '2021-05-26 08:01:40', '2021-05-26 08:01:40', 6.5, 1),
(185, 58, 1, '2021-05-26 08:01:40', '2021-05-26 08:01:40', 8.5, 1),
(186, 53, 1, '2021-05-26 08:01:45', '2021-05-26 08:01:45', 12, 1),
(187, 59, 1, '2021-05-26 08:01:48', '2021-05-26 08:01:48', 17.5, 1),
(188, 32, 1, '2021-05-27 02:29:12', '2021-05-27 02:29:12', 0, 1),
(189, 44, 1, '2021-05-27 04:13:31', '2021-05-27 04:13:31', 8.5, 1),
(190, 45, 1, '2021-05-27 04:13:31', '2021-05-27 04:13:31', 8.5, 1),
(191, 46, 1, '2021-05-27 04:14:15', '2021-05-27 04:14:15', 6.5, 1),
(192, 47, 1, '2021-05-27 04:14:34', '2021-05-27 04:14:34', 12, 1),
(193, 48, 1, '2021-05-27 04:14:34', '2021-05-27 04:14:34', 8, 1),
(194, 49, 1, '2021-05-27 04:14:34', '2021-05-27 04:14:34', 8, 1),
(195, 40, 1, '2021-05-27 04:14:51', '2021-05-27 04:14:51', 0, 1),
(196, 41, 1, '2021-05-27 04:14:51', '2021-05-27 04:14:51', 50.2, 1),
(197, 42, 1, '2021-05-27 04:14:51', '2021-05-27 04:14:51', 0, 2),
(198, 43, 1, '2021-05-27 04:14:51', '2021-05-27 04:14:51', 70.2, 1),
(199, 34, 1, '2021-05-27 04:31:32', '2021-05-27 04:31:32', 0, 1),
(200, 35, 1, '2021-05-27 04:31:32', '2021-05-27 04:31:32', 0, 1),
(201, 33, 1, '2021-05-27 04:31:36', '2021-05-27 04:31:36', 0, 2),
(202, 51, 1, '2021-05-27 04:31:39', '2021-05-27 04:31:39', 50.2, 1),
(203, 52, 1, '2021-05-27 04:31:39', '2021-05-27 04:31:39', 68.2, 1),
(204, 50, 1, '2021-05-27 04:31:43', '2021-05-27 04:31:43', 13.5, 1),
(205, 37, 1, '2021-05-27 04:32:01', '2021-05-27 04:32:01', 12, 1),
(206, 38, 1, '2021-05-27 04:32:01', '2021-05-27 04:32:01', 8, 1),
(207, 39, 1, '2021-05-27 04:32:01', '2021-05-27 04:32:01', 8.5, 1),
(208, 55, 1, '2021-05-27 04:32:02', '2021-05-27 04:32:02', 15.5, 1),
(209, 59, 1, '2021-05-27 04:32:07', '2021-05-27 04:32:07', 17.5, 1),
(210, 54, 1, '2021-05-27 04:36:57', '2021-05-27 04:36:57', 17.5, 1),
(211, 56, 1, '2021-05-27 04:37:06', '2021-05-27 04:37:06', 6.5, 1),
(212, 57, 1, '2021-05-27 04:37:06', '2021-05-27 04:37:06', 6.5, 1),
(213, 58, 1, '2021-05-27 04:37:06', '2021-05-27 04:37:06', 8.5, 1),
(214, 31, 1, '2021-05-27 04:37:08', '2021-05-27 04:37:08', 0, 1),
(215, 53, 1, '2021-05-27 04:37:12', '2021-05-27 04:37:12', 12, 1),
(216, 36, 1, '2021-05-27 04:37:12', '2021-05-27 04:37:12', 8.5, 1),
(217, 53, 1, '2021-05-27 04:43:32', '2021-05-27 04:43:32', 12, 1),
(218, 47, 1, '2021-05-27 04:43:44', '2021-05-27 04:43:44', 12, 1),
(219, 48, 1, '2021-05-27 04:43:44', '2021-05-27 04:43:44', 8, 1),
(220, 49, 1, '2021-05-27 04:43:44', '2021-05-27 04:43:44', 8, 1),
(221, 31, 1, '2021-05-27 04:44:34', '2021-05-27 04:44:34', 0, 1),
(222, 32, 1, '2021-05-27 04:44:35', '2021-05-27 04:44:35', 0, 1),
(223, 33, 1, '2021-05-27 04:45:00', '2021-05-27 04:45:00', 0, 2),
(224, 34, 1, '2021-05-27 04:45:01', '2021-05-27 04:45:01', 0, 1),
(225, 35, 1, '2021-05-27 04:45:01', '2021-05-27 04:45:01', 0, 1),
(226, 37, 1, '2021-05-27 05:03:39', '2021-05-27 05:03:39', 12, 1),
(227, 38, 1, '2021-05-27 05:03:39', '2021-05-27 05:03:39', 8, 1),
(228, 39, 1, '2021-05-27 05:03:39', '2021-05-27 05:03:39', 8.5, 1),
(229, 36, 1, '2021-05-27 05:03:42', '2021-05-27 05:03:42', 8.5, 1),
(230, 40, 1, '2021-05-27 05:03:43', '2021-05-27 05:03:43', 0, 1),
(231, 41, 1, '2021-05-27 05:03:43', '2021-05-27 05:03:43', 50.2, 1),
(232, 42, 1, '2021-05-27 05:03:43', '2021-05-27 05:03:43', 0, 2),
(233, 43, 1, '2021-05-27 05:03:43', '2021-05-27 05:03:43', 70.2, 1),
(234, 44, 1, '2021-05-27 05:03:43', '2021-05-27 05:03:43', 8.5, 1),
(235, 45, 1, '2021-05-27 05:03:43', '2021-05-27 05:03:43', 8.5, 1),
(236, 54, 1, '2021-05-27 05:03:44', '2021-05-27 05:03:44', 17.5, 1),
(237, 50, 1, '2021-05-27 05:03:45', '2021-05-27 05:03:45', 13.5, 1),
(238, 51, 1, '2021-05-27 05:03:56', '2021-05-27 05:03:56', 50.2, 1),
(239, 52, 1, '2021-05-27 05:03:56', '2021-05-27 05:03:56', 68.2, 1),
(240, 55, 1, '2021-05-27 05:03:58', '2021-05-27 05:03:58', 15.5, 1),
(241, 46, 1, '2021-05-27 05:04:00', '2021-05-27 05:04:00', 6.5, 1),
(242, 56, 1, '2021-05-27 05:04:04', '2021-05-27 05:04:04', 6.5, 1),
(243, 57, 1, '2021-05-27 05:04:04', '2021-05-27 05:04:04', 6.5, 1),
(244, 58, 1, '2021-05-27 05:04:04', '2021-05-27 05:04:04', 8.5, 1),
(245, 59, 1, '2021-05-27 05:04:09', '2021-05-27 05:04:09', 17.5, 1),
(246, 46, 1, '2021-05-27 05:08:43', '2021-05-27 05:08:43', 6.5, 1),
(247, 47, 1, '2021-05-27 05:08:43', '2021-05-27 05:08:43', 12, 1),
(248, 48, 1, '2021-05-27 05:08:43', '2021-05-27 05:08:43', 8, 1),
(249, 49, 1, '2021-05-27 05:08:43', '2021-05-27 05:08:43', 8, 1),
(250, 40, 1, '2021-05-27 05:08:44', '2021-05-27 05:08:44', 0, 1),
(251, 41, 1, '2021-05-27 05:08:44', '2021-05-27 05:08:44', 50.2, 1),
(252, 42, 1, '2021-05-27 05:08:44', '2021-05-27 05:08:44', 0, 2),
(253, 43, 1, '2021-05-27 05:08:44', '2021-05-27 05:08:44', 70.2, 1),
(254, 37, 1, '2021-05-27 05:08:45', '2021-05-27 05:08:45', 12, 1),
(255, 38, 1, '2021-05-27 05:08:45', '2021-05-27 05:08:45', 8, 1),
(256, 39, 1, '2021-05-27 05:08:45', '2021-05-27 05:08:45', 8.5, 1),
(257, 33, 1, '2021-05-27 05:08:47', '2021-05-27 05:08:47', 0, 2),
(258, 56, 1, '2021-05-27 05:09:06', '2021-05-27 05:09:06', 6.5, 1),
(259, 57, 1, '2021-05-27 05:09:06', '2021-05-27 05:09:06', 6.5, 1),
(260, 58, 1, '2021-05-27 05:09:06', '2021-05-27 05:09:06', 8.5, 1),
(261, 31, 1, '2021-05-27 05:09:23', '2021-05-27 05:09:23', 0, 1),
(262, 44, 1, '2021-05-27 05:09:24', '2021-05-27 05:09:24', 8.5, 1),
(263, 45, 1, '2021-05-27 05:09:24', '2021-05-27 05:09:24', 8.5, 1),
(264, 32, 1, '2021-05-27 05:09:24', '2021-05-27 05:09:24', 0, 1),
(265, 50, 1, '2021-05-27 05:09:25', '2021-05-27 05:09:25', 13.5, 1),
(266, 51, 1, '2021-05-27 05:09:26', '2021-05-27 05:09:26', 50.2, 1),
(267, 52, 1, '2021-05-27 05:09:26', '2021-05-27 05:09:26', 68.2, 1),
(268, 34, 1, '2021-05-27 05:09:26', '2021-05-27 05:09:26', 0, 1),
(269, 35, 1, '2021-05-27 05:09:26', '2021-05-27 05:09:26', 0, 1),
(270, 36, 1, '2021-05-27 05:09:27', '2021-05-27 05:09:27', 8.5, 1),
(271, 53, 1, '2021-05-27 05:09:28', '2021-05-27 05:09:28', 12, 1),
(272, 59, 1, '2021-05-27 05:09:29', '2021-05-27 05:09:29', 17.5, 1),
(273, 55, 1, '2021-05-27 05:09:29', '2021-05-27 05:09:29', 15.5, 1),
(274, 54, 1, '2021-05-27 05:09:30', '2021-05-27 05:09:30', 17.5, 1),
(275, 44, 1, '2021-05-28 08:08:55', '2021-05-28 08:08:55', 8.5, 1),
(276, 45, 1, '2021-05-28 08:08:55', '2021-05-28 08:08:55', 8.5, 1),
(277, 37, 1, '2021-05-28 08:08:56', '2021-05-28 08:08:56', 12, 1),
(278, 38, 1, '2021-05-28 08:08:56', '2021-05-28 08:08:56', 8, 1),
(279, 39, 1, '2021-05-28 08:08:56', '2021-05-28 08:08:56', 8.5, 1),
(280, 40, 1, '2021-05-28 08:09:12', '2021-05-28 08:09:12', 0, 1),
(281, 41, 1, '2021-05-28 08:09:12', '2021-05-28 08:09:12', 50.2, 1),
(282, 42, 1, '2021-05-28 08:09:12', '2021-05-28 08:09:12', 0, 2),
(283, 43, 1, '2021-05-28 08:09:12', '2021-05-28 08:09:12', 70.2, 1),
(284, 32, 1, '2021-05-28 08:09:12', '2021-05-28 08:09:12', 0, 1),
(285, 33, 1, '2021-05-28 08:09:14', '2021-05-28 08:09:14', 0, 2),
(286, 59, 1, '2021-05-28 08:11:21', '2021-05-28 08:11:21', 17.5, 1),
(287, 56, 1, '2021-05-28 08:11:22', '2021-05-28 08:11:22', 6.5, 1),
(288, 57, 1, '2021-05-28 08:11:22', '2021-05-28 08:11:22', 6.5, 1),
(289, 58, 1, '2021-05-28 08:11:22', '2021-05-28 08:11:22', 8.5, 1),
(290, 31, 1, '2021-05-28 08:11:49', '2021-05-28 08:11:49', 0, 1),
(291, 47, 1, '2021-05-28 08:11:50', '2021-05-28 08:11:50', 12, 1),
(292, 48, 1, '2021-05-28 08:11:50', '2021-05-28 08:11:50', 8, 1),
(293, 49, 1, '2021-05-28 08:11:50', '2021-05-28 08:11:50', 8, 1),
(294, 50, 1, '2021-05-28 08:11:51', '2021-05-28 08:11:51', 13.5, 1),
(295, 34, 1, '2021-05-28 08:11:51', '2021-05-28 08:11:51', 0, 1),
(296, 35, 1, '2021-05-28 08:11:51', '2021-05-28 08:11:51', 0, 1),
(297, 36, 1, '2021-05-28 08:11:52', '2021-05-28 08:11:52', 8.5, 1),
(298, 46, 1, '2021-05-28 08:11:53', '2021-05-28 08:11:53', 6.5, 1),
(299, 53, 1, '2021-05-28 08:11:53', '2021-05-28 08:11:53', 12, 1),
(300, 51, 1, '2021-05-28 08:11:54', '2021-05-28 08:11:54', 50.2, 1),
(301, 52, 1, '2021-05-28 08:11:54', '2021-05-28 08:11:54', 68.2, 1),
(302, 55, 1, '2021-05-28 08:11:56', '2021-05-28 08:11:56', 15.5, 1),
(303, 54, 1, '2021-05-28 08:11:57', '2021-05-28 08:11:57', 17.5, 1),
(304, 34, 1, '2021-05-28 14:35:46', '2021-05-28 14:35:46', 0, 1),
(305, 35, 1, '2021-05-28 14:35:46', '2021-05-28 14:35:46', 0, 1),
(306, 33, 1, '2021-05-28 14:35:46', '2021-05-28 14:35:46', 0, 2),
(307, 32, 1, '2021-05-28 14:35:47', '2021-05-28 14:35:47', 0, 1),
(308, 31, 1, '2021-05-28 14:35:48', '2021-05-28 14:35:48', 0, 1),
(309, 47, 1, '2021-05-28 14:35:54', '2021-05-28 14:35:54', 12, 1),
(310, 48, 1, '2021-05-28 14:35:54', '2021-05-28 14:35:54', 8, 1),
(311, 49, 1, '2021-05-28 14:35:54', '2021-05-28 14:35:54', 8, 1),
(312, 46, 1, '2021-05-28 14:35:56', '2021-05-28 14:35:56', 6.5, 1),
(313, 37, 1, '2021-05-28 16:44:17', '2021-05-28 16:44:17', 12, 1),
(314, 38, 1, '2021-05-28 16:44:17', '2021-05-28 16:44:17', 8, 1),
(315, 39, 1, '2021-05-28 16:44:17', '2021-05-28 16:44:17', 8.5, 1),
(316, 40, 1, '2021-05-28 16:44:27', '2021-05-28 16:44:27', 0, 1),
(317, 41, 1, '2021-05-28 16:44:27', '2021-05-28 16:44:27', 50.2, 1),
(318, 42, 1, '2021-05-28 16:44:27', '2021-05-28 16:44:27', 0, 2),
(319, 43, 1, '2021-05-28 16:44:27', '2021-05-28 16:44:27', 70.2, 1),
(320, 50, 1, '2021-05-28 16:44:43', '2021-05-28 16:44:43', 13.5, 1),
(321, 51, 1, '2021-05-28 16:44:45', '2021-05-28 16:44:45', 50.2, 1),
(322, 52, 1, '2021-05-28 16:44:45', '2021-05-28 16:44:45', 68.2, 1),
(323, 53, 1, '2021-05-28 16:44:46', '2021-05-28 16:44:46', 12, 1),
(324, 54, 1, '2021-05-28 16:44:47', '2021-05-28 16:44:47', 17.5, 1),
(325, 56, 1, '2021-05-28 16:44:57', '2021-05-28 16:44:57', 6.5, 1),
(326, 57, 1, '2021-05-28 16:44:57', '2021-05-28 16:44:57', 6.5, 1),
(327, 58, 1, '2021-05-28 16:44:57', '2021-05-28 16:44:57', 8.5, 1),
(328, 55, 1, '2021-05-28 16:44:58', '2021-05-28 16:44:58', 15.5, 1),
(329, 36, 1, '2021-05-28 17:58:22', '2021-05-28 17:58:22', 8.5, 1),
(330, 44, 1, '2021-05-28 17:58:23', '2021-05-28 17:58:23', 8.5, 1),
(331, 45, 1, '2021-05-28 17:58:23', '2021-05-28 17:58:23', 8.5, 1),
(332, 59, 1, '2021-05-28 17:58:23', '2021-05-28 17:58:23', 17.5, 1),
(333, 34, 1, '2021-05-28 21:55:52', '2021-05-28 21:55:52', 0, 1),
(334, 35, 1, '2021-05-28 21:55:52', '2021-05-28 21:55:52', 0, 1),
(335, 37, 1, '2021-05-28 21:56:12', '2021-05-28 21:56:12', 12, 1),
(336, 38, 1, '2021-05-28 21:56:12', '2021-05-28 21:56:12', 8, 1),
(337, 39, 1, '2021-05-28 21:56:12', '2021-05-28 21:56:12', 8.5, 1),
(338, 40, 1, '2021-05-28 21:56:13', '2021-05-28 21:56:13', 0, 1),
(339, 41, 1, '2021-05-28 21:56:13', '2021-05-28 21:56:13', 50.2, 1),
(340, 42, 1, '2021-05-28 21:56:13', '2021-05-28 21:56:13', 0, 2),
(341, 43, 1, '2021-05-28 21:56:14', '2021-05-28 21:56:14', 70.2, 1),
(342, 32, 1, '2021-05-28 21:56:20', '2021-05-28 21:56:20', 0, 1),
(343, 31, 1, '2021-05-28 21:56:20', '2021-05-28 21:56:20', 0, 1),
(344, 33, 1, '2021-05-28 21:56:23', '2021-05-28 21:56:23', 0, 2),
(345, 51, 1, '2021-05-28 21:56:35', '2021-05-28 21:56:35', 50.2, 1),
(346, 52, 1, '2021-05-28 21:56:35', '2021-05-28 21:56:35', 68.2, 1),
(347, 53, 1, '2021-05-28 21:57:00', '2021-05-28 21:57:00', 12, 1),
(348, 54, 1, '2021-05-28 21:57:01', '2021-05-28 21:57:01', 17.5, 1),
(349, 59, 1, '2021-05-28 21:57:01', '2021-05-28 21:57:01', 17.5, 1),
(350, 36, 1, '2021-05-28 21:57:16', '2021-05-28 21:57:16', 8.5, 1),
(351, 44, 1, '2021-05-28 21:57:17', '2021-05-28 21:57:17', 8.5, 1),
(352, 45, 1, '2021-05-28 21:57:17', '2021-05-28 21:57:17', 8.5, 1),
(353, 46, 1, '2021-05-28 21:57:18', '2021-05-28 21:57:18', 6.5, 1),
(354, 47, 1, '2021-05-28 21:57:19', '2021-05-28 21:57:19', 12, 1),
(355, 48, 1, '2021-05-28 21:57:19', '2021-05-28 21:57:19', 8, 1),
(356, 49, 1, '2021-05-28 21:57:19', '2021-05-28 21:57:19', 8, 1),
(357, 55, 1, '2021-05-28 21:57:32', '2021-05-28 21:57:32', 15.5, 1),
(358, 56, 1, '2021-05-28 21:58:51', '2021-05-28 21:58:51', 6.5, 1),
(359, 57, 1, '2021-05-28 21:58:51', '2021-05-28 21:58:51', 6.5, 1),
(360, 58, 1, '2021-05-28 21:58:51', '2021-05-28 21:58:51', 8.5, 1),
(361, 50, 1, '2021-05-28 21:58:51', '2021-05-28 21:58:51', 13.5, 1),
(362, 32, 1, '2021-05-28 22:09:08', '2021-05-28 22:09:08', 0, 1),
(363, 31, 1, '2021-05-28 22:09:09', '2021-05-28 22:09:09', 0, 1),
(364, 34, 1, '2021-05-28 22:09:13', '2021-05-28 22:09:13', 0, 1),
(365, 35, 1, '2021-05-28 22:09:13', '2021-05-28 22:09:13', 0, 1),
(366, 47, 1, '2021-05-28 22:09:28', '2021-05-28 22:09:28', 12, 1),
(367, 48, 1, '2021-05-28 22:09:28', '2021-05-28 22:09:28', 8, 1),
(368, 49, 1, '2021-05-28 22:09:28', '2021-05-28 22:09:28', 8, 1),
(369, 37, 1, '2021-05-28 22:09:50', '2021-05-28 22:09:50', 12, 1),
(370, 38, 1, '2021-05-28 22:09:50', '2021-05-28 22:09:50', 8, 1),
(371, 39, 1, '2021-05-28 22:09:50', '2021-05-28 22:09:50', 8.5, 1),
(372, 36, 1, '2021-05-28 22:09:51', '2021-05-28 22:09:51', 8.5, 1),
(373, 51, 1, '2021-05-28 22:09:59', '2021-05-28 22:09:59', 50.2, 1),
(374, 52, 1, '2021-05-28 22:09:59', '2021-05-28 22:09:59', 68.2, 1),
(375, 50, 1, '2021-05-28 22:09:59', '2021-05-28 22:09:59', 13.5, 1),
(376, 46, 1, '2021-05-28 22:10:00', '2021-05-28 22:10:00', 6.5, 1),
(377, 59, 1, '2021-05-28 22:11:16', '2021-05-28 22:11:16', 17.5, 1),
(378, 54, 1, '2021-05-28 22:11:17', '2021-05-28 22:11:17', 17.5, 1),
(379, 33, 1, '2021-05-28 22:11:18', '2021-05-28 22:11:18', 0, 2),
(380, 44, 1, '2021-05-28 22:12:05', '2021-05-28 22:12:05', 8.5, 1),
(381, 45, 1, '2021-05-28 22:12:05', '2021-05-28 22:12:05', 8.5, 1),
(382, 55, 1, '2021-05-28 22:12:07', '2021-05-28 22:12:07', 15.5, 1),
(383, 53, 1, '2021-05-28 22:12:07', '2021-05-28 22:12:07', 12, 1),
(384, 40, 1, '2021-05-28 22:12:08', '2021-05-28 22:12:08', 0, 1),
(385, 41, 1, '2021-05-28 22:12:08', '2021-05-28 22:12:08', 50.2, 1),
(386, 42, 1, '2021-05-28 22:12:08', '2021-05-28 22:12:08', 0, 2),
(387, 43, 1, '2021-05-28 22:12:08', '2021-05-28 22:12:08', 70.2, 1),
(388, 56, 1, '2021-05-28 22:12:09', '2021-05-28 22:12:09', 6.5, 1),
(389, 57, 1, '2021-05-28 22:12:09', '2021-05-28 22:12:09', 6.5, 1),
(390, 58, 1, '2021-05-28 22:12:09', '2021-05-28 22:12:09', 8.5, 1),
(391, 414, 4, '2021-05-29 03:08:51', '2021-05-29 03:08:51', 12, 1),
(392, 415, 4, '2021-05-29 03:08:51', '2021-05-29 03:08:51', 8, 1),
(393, 416, 4, '2021-05-29 03:08:51', '2021-05-29 03:08:51', 8.5, 1),
(394, 417, 4, '2021-05-29 03:08:55', '2021-05-29 03:08:55', 0, 1),
(395, 418, 4, '2021-05-29 03:08:55', '2021-05-29 03:08:55', 50.2, 1),
(396, 419, 4, '2021-05-29 03:08:55', '2021-05-29 03:08:55', 0, 2),
(397, 420, 4, '2021-05-29 03:08:55', '2021-05-29 03:08:55', 70.2, 1),
(398, 413, 4, '2021-05-29 03:08:57', '2021-05-29 03:08:57', 8.5, 1),
(399, 408, 4, '2021-05-29 03:08:58', '2021-05-29 03:08:58', 0, 1),
(400, 409, 4, '2021-05-29 03:08:58', '2021-05-29 03:08:58', 0, 1),
(401, 410, 4, '2021-05-29 03:09:01', '2021-05-29 03:09:01', 0, 2),
(402, 411, 4, '2021-05-29 03:09:04', '2021-05-29 03:09:04', 0, 1),
(403, 412, 4, '2021-05-29 03:09:04', '2021-05-29 03:09:04', 0, 1),
(404, 421, 4, '2021-05-29 03:09:05', '2021-05-29 03:09:05', 8.5, 1),
(405, 422, 4, '2021-05-29 03:09:05', '2021-05-29 03:09:05', 8.5, 1),
(406, 423, 4, '2021-05-29 03:09:08', '2021-05-29 03:09:08', 6.5, 1),
(407, 424, 4, '2021-05-29 03:09:10', '2021-05-29 03:09:10', 12, 1),
(408, 425, 4, '2021-05-29 03:09:10', '2021-05-29 03:09:10', 8, 1),
(409, 426, 4, '2021-05-29 03:09:10', '2021-05-29 03:09:10', 8, 1),
(410, 430, 4, '2021-05-29 03:09:25', '2021-05-29 03:09:25', 12, 1),
(411, 431, 4, '2021-05-29 03:09:26', '2021-05-29 03:09:26', 17.5, 1),
(412, 428, 4, '2021-05-29 03:09:27', '2021-05-29 03:09:27', 50.2, 1),
(413, 429, 4, '2021-05-29 03:09:27', '2021-05-29 03:09:27', 68.2, 1),
(414, 427, 4, '2021-05-29 03:09:27', '2021-05-29 03:09:27', 13.5, 1),
(415, 432, 4, '2021-05-29 03:09:28', '2021-05-29 03:09:28', 15.5, 1),
(416, 433, 4, '2021-05-29 03:09:29', '2021-05-29 03:09:29', 6.5, 1),
(417, 434, 4, '2021-05-29 03:09:29', '2021-05-29 03:09:29', 6.5, 1),
(418, 435, 4, '2021-05-29 03:09:29', '2021-05-29 03:09:29', 8.5, 1),
(419, 436, 4, '2021-05-29 03:09:30', '2021-05-29 03:09:30', 17.5, 1),
(420, 408, 4, '2021-05-29 03:12:40', '2021-05-29 03:12:40', 0, 1),
(421, 409, 4, '2021-05-29 03:12:41', '2021-05-29 03:12:41', 0, 1),
(422, 410, 4, '2021-05-29 03:12:42', '2021-05-29 03:12:42', 0, 2),
(423, 411, 4, '2021-05-29 03:12:43', '2021-05-29 03:12:43', 0, 1),
(424, 412, 4, '2021-05-29 03:12:43', '2021-05-29 03:12:43', 0, 1),
(425, 413, 4, '2021-05-29 03:12:58', '2021-05-29 03:12:58', 8.5, 1),
(426, 414, 4, '2021-05-29 03:12:59', '2021-05-29 03:12:59', 12, 1),
(427, 415, 4, '2021-05-29 03:12:59', '2021-05-29 03:12:59', 8, 1),
(428, 416, 4, '2021-05-29 03:12:59', '2021-05-29 03:12:59', 8.5, 1),
(429, 417, 4, '2021-05-29 03:12:59', '2021-05-29 03:12:59', 0, 1),
(430, 418, 4, '2021-05-29 03:12:59', '2021-05-29 03:12:59', 50.2, 1),
(431, 419, 4, '2021-05-29 03:12:59', '2021-05-29 03:12:59', 0, 2),
(432, 420, 4, '2021-05-29 03:13:00', '2021-05-29 03:13:00', 70.2, 1),
(433, 421, 4, '2021-05-29 03:13:01', '2021-05-29 03:13:01', 8.5, 1),
(434, 422, 4, '2021-05-29 03:13:01', '2021-05-29 03:13:01', 8.5, 1),
(435, 423, 4, '2021-05-29 03:13:02', '2021-05-29 03:13:02', 6.5, 1),
(436, 424, 4, '2021-05-29 03:13:02', '2021-05-29 03:13:02', 12, 1),
(437, 425, 4, '2021-05-29 03:13:02', '2021-05-29 03:13:02', 8, 1),
(438, 426, 4, '2021-05-29 03:13:02', '2021-05-29 03:13:02', 8, 1),
(439, 428, 4, '2021-05-29 03:13:17', '2021-05-29 03:13:17', 50.2, 1),
(440, 429, 4, '2021-05-29 03:13:17', '2021-05-29 03:13:17', 68.2, 1),
(441, 430, 4, '2021-05-29 03:13:19', '2021-05-29 03:13:19', 12, 1),
(442, 432, 4, '2021-05-29 03:14:08', '2021-05-29 03:14:08', 15.5, 1),
(443, 431, 4, '2021-05-29 03:14:08', '2021-05-29 03:14:08', 17.5, 1),
(444, 427, 4, '2021-05-29 03:14:09', '2021-05-29 03:14:09', 13.5, 1),
(445, 436, 4, '2021-05-29 03:14:10', '2021-05-29 03:14:10', 17.5, 1),
(446, 51, 1, '2021-05-29 03:14:54', '2021-05-29 03:14:54', 50.2, 1),
(447, 52, 1, '2021-05-29 03:14:54', '2021-05-29 03:14:54', 68.2, 1),
(448, 31, 1, '2021-05-29 03:15:07', '2021-05-29 03:15:07', 0, 1),
(449, 32, 1, '2021-05-29 03:15:07', '2021-05-29 03:15:07', 0, 1),
(450, 33, 1, '2021-05-29 03:15:08', '2021-05-29 03:15:08', 0, 2),
(451, 34, 1, '2021-05-29 03:15:09', '2021-05-29 03:15:09', 0, 1),
(452, 35, 1, '2021-05-29 03:15:09', '2021-05-29 03:15:09', 0, 1),
(453, 44, 1, '2021-05-29 03:15:09', '2021-05-29 03:15:09', 8.5, 1),
(454, 45, 1, '2021-05-29 03:15:09', '2021-05-29 03:15:09', 8.5, 1),
(455, 40, 1, '2021-05-29 03:15:10', '2021-05-29 03:15:10', 0, 1),
(456, 41, 1, '2021-05-29 03:15:10', '2021-05-29 03:15:10', 50.2, 1),
(457, 42, 1, '2021-05-29 03:15:10', '2021-05-29 03:15:10', 0, 2),
(458, 43, 1, '2021-05-29 03:15:10', '2021-05-29 03:15:10', 70.2, 1),
(459, 37, 1, '2021-05-29 03:15:11', '2021-05-29 03:15:11', 12, 1),
(460, 38, 1, '2021-05-29 03:15:11', '2021-05-29 03:15:11', 8, 1),
(461, 39, 1, '2021-05-29 03:15:11', '2021-05-29 03:15:11', 8.5, 1),
(462, 36, 1, '2021-05-29 03:15:11', '2021-05-29 03:15:11', 8.5, 1),
(463, 46, 1, '2021-05-29 03:15:12', '2021-05-29 03:15:12', 6.5, 1),
(464, 47, 1, '2021-05-29 03:15:13', '2021-05-29 03:15:13', 12, 1),
(465, 48, 1, '2021-05-29 03:15:13', '2021-05-29 03:15:13', 8, 1),
(466, 49, 1, '2021-05-29 03:15:13', '2021-05-29 03:15:13', 8, 1),
(467, 50, 1, '2021-05-29 03:15:19', '2021-05-29 03:15:19', 13.5, 1),
(468, 56, 1, '2021-05-31 01:35:25', '2021-05-31 01:35:25', 6.5, 1),
(469, 57, 1, '2021-05-31 01:35:25', '2021-05-31 01:35:25', 6.5, 1),
(470, 58, 1, '2021-05-31 01:35:25', '2021-05-31 01:35:25', 8.5, 1),
(471, 55, 1, '2021-05-31 01:35:28', '2021-05-31 01:35:28', 15.5, 1),
(472, 54, 1, '2021-05-31 01:35:30', '2021-05-31 01:35:30', 17.5, 1),
(473, 53, 1, '2021-05-31 01:35:32', '2021-05-31 01:35:32', 12, 1),
(474, 59, 1, '2021-05-31 01:35:34', '2021-05-31 01:35:34', 17.5, 1),
(475, 433, 4, '2021-05-31 04:26:45', '2021-05-31 04:26:45', 6.5, 1),
(476, 434, 4, '2021-05-31 04:26:45', '2021-05-31 04:26:45', 6.5, 1),
(477, 435, 4, '2021-05-31 04:26:45', '2021-05-31 04:26:45', 8.5, 1),
(478, 31, 1, '2021-05-31 04:30:26', '2021-05-31 04:30:26', 0, 1);

-- --------------------------------------------------------

--
-- Table structure for table `restaurant`
--

CREATE TABLE `restaurant` (
  `restaurant_id` int(11) NOT NULL,
  `restaurant_name` varchar(45) DEFAULT NULL,
  `restaurant_addr_street` varchar(255) DEFAULT NULL,
  `restaurant_addr_zip_code` varchar(30) NOT NULL,
  `restaurant_addr_zip_type` varchar(20) NOT NULL,
  `restaurant_addr_country` varchar(45) NOT NULL,
  `restaurant_created` datetime DEFAULT CURRENT_TIMESTAMP,
  `restaurant_modified` datetime DEFAULT CURRENT_TIMESTAMP ON UPDATE CURRENT_TIMESTAMP,
  `user_id` int(11) NOT NULL
) ENGINE=InnoDB DEFAULT CHARSET=utf8;

-- --------------------------------------------------------

--
-- Table structure for table `user`
--

CREATE TABLE `user` (
  `id` int(11) NOT NULL,
  `user_fname` varchar(45) NOT NULL,
  `user_lname` varchar(45) NOT NULL,
  `user_email` varchar(45) NOT NULL,
  `user_phone` varchar(45) DEFAULT NULL,
  `user_password` text NOT NULL,
  `user_created` datetime NOT NULL DEFAULT CURRENT_TIMESTAMP,
  `user_modified` datetime NOT NULL DEFAULT CURRENT_TIMESTAMP ON UPDATE CURRENT_TIMESTAMP
) ENGINE=InnoDB DEFAULT CHARSET=utf8;

--
-- Dumping data for table `user`
--

INSERT INTO `user` (`id`, `user_fname`, `user_lname`, `user_email`, `user_phone`, `user_password`, `user_created`, `user_modified`) VALUES
(1, 'samir', 'samir', 'samir@gmail.com', '+213 2125454', 'sha256$j8A5RdQg$12028dd0fe1fb570f004ab59495960c5aa07126f38d41e489d934593b6baac25', '2021-05-17 03:49:11', '2021-05-17 03:49:11'),
(3, 'samir', 'samir', 'samir2@gmail.com', '+213 2125454', 'sha256$1pHhJ7Ss$6b6803534ed24e2999febcb72f816d5f93289b89e981f9fbc7160dba1fd2b472', '2021-05-17 03:49:53', '2021-05-17 03:49:53'),
(4, 'samir', 'zerrouki', 'samir.etude.zerrouki@gmail.com', '+213 674292926', 'sha256$CMHtIgX5$1554f09137d6842986a5bd45a8fc2da1d63deceb9cdf2282febe6aa05326857f', '2021-05-17 18:52:05', '2021-05-17 18:52:05');

--
-- Indexes for dumped tables
--

--
-- Indexes for table `food`
--
ALTER TABLE `food`
  ADD PRIMARY KEY (`food_id`,`user_id`),
  ADD UNIQUE KEY `unique_foods_by_user` (`user_id`,`food_type_id_str`,`food_table`),
  ADD KEY `fk_food_user1_idx` (`user_id`);

--
-- Indexes for table `historical_sales`
--
ALTER TABLE `historical_sales`
  ADD PRIMARY KEY (`sales_id`,`food_food_id`,`food_user_id`),
  ADD KEY `fk_sales_food1_idx` (`food_food_id`,`food_user_id`);

--
-- Indexes for table `restaurant`
--
ALTER TABLE `restaurant`
  ADD PRIMARY KEY (`restaurant_id`,`user_id`),
  ADD KEY `fk_restaurant_user_idx` (`user_id`);

--
-- Indexes for table `user`
--
ALTER TABLE `user`
  ADD PRIMARY KEY (`id`),
  ADD UNIQUE KEY `user_email_UNIQUE` (`user_email`);

--
-- AUTO_INCREMENT for dumped tables
--

--
-- AUTO_INCREMENT for table `food`
--
ALTER TABLE `food`
  MODIFY `food_id` int(11) NOT NULL AUTO_INCREMENT, AUTO_INCREMENT=437;

--
-- AUTO_INCREMENT for table `historical_sales`
--
ALTER TABLE `historical_sales`
  MODIFY `sales_id` int(11) NOT NULL AUTO_INCREMENT, AUTO_INCREMENT=479;

--
-- AUTO_INCREMENT for table `restaurant`
--
ALTER TABLE `restaurant`
  MODIFY `restaurant_id` int(11) NOT NULL AUTO_INCREMENT;

--
-- AUTO_INCREMENT for table `user`
--
ALTER TABLE `user`
  MODIFY `id` int(11) NOT NULL AUTO_INCREMENT, AUTO_INCREMENT=5;

--
-- Constraints for dumped tables
--

--
-- Constraints for table `food`
--
ALTER TABLE `food`
  ADD CONSTRAINT `fk_food_user1` FOREIGN KEY (`user_id`) REFERENCES `user` (`id`) ON DELETE CASCADE ON UPDATE CASCADE;

--
-- Constraints for table `historical_sales`
--
ALTER TABLE `historical_sales`
  ADD CONSTRAINT `fk_sales_food1` FOREIGN KEY (`food_food_id`,`food_user_id`) REFERENCES `food` (`food_id`, `user_id`) ON DELETE CASCADE ON UPDATE CASCADE;

--
-- Constraints for table `restaurant`
--
ALTER TABLE `restaurant`
  ADD CONSTRAINT `fk_restaurant_user` FOREIGN KEY (`user_id`) REFERENCES `user` (`id`) ON DELETE CASCADE ON UPDATE CASCADE;
COMMIT;

/*!40101 SET CHARACTER_SET_CLIENT=@OLD_CHARACTER_SET_CLIENT */;
/*!40101 SET CHARACTER_SET_RESULTS=@OLD_CHARACTER_SET_RESULTS */;
/*!40101 SET COLLATION_CONNECTION=@OLD_COLLATION_CONNECTION */;
